{
  "Title": "CertAccess",
  "WebAppIdentifier": "CertAccess",
  "WebAppIndex": "portal",
  "LocalDocPath": {
    "en-US": "imx/doc/StarlingCertAccess_WebPortal_UserGuide_en-us.html5/StarlingCertAccess_WebPortal_UserGuide.html",
    "de-DE": "imx/doc/StarlingCertAccess_WebPortal_UserGuide_de-de.html5/StarlingCertAccess_WebPortal_UserGuide.html",
    "de-CH": "imx/doc/StarlingCertAccess_WebPortal_UserGuide_de-de.html5/StarlingCertAccess_WebPortal_UserGuide.html",
    "de-AT": "imx/doc/StarlingCertAccess_WebPortal_UserGuide_de-de.html5/StarlingCertAccess_WebPortal_UserGuide.html"
  },
  "Translation": {
    "Langs": ["en-US", "de-DE", "de", "en"]
  },
  "DoNotShowAppNameWithProduct": true,
  "routeConfig": {
    "login": "",
    "start": "dashboard"
  }
}
