<DBTransporter Version="3.0">
  <Header>
    <Parameter Name="Edition">STE</Parameter>
    <Parameter Name="Version">9.1</Parameter>
    <Parameter Name="ExportDate">2023-02-06 11:33:29</Parameter>
    <Parameter Name="Display">DC01\OneIM</Parameter>
    <Parameter Name="DBSystem">MSSQL</Parameter>
    <Parameter Name="DBServer">DC01</Parameter>
    <Parameter Name="DBName">OneIM</Parameter>
    <Parameter Name="UserDisplay">Paul</Parameter>
    <Parameter Name="UserName">Paul</Parameter>
    <Parameter Name="Description">Scrip and Predefined SQL</Parameter>
    <Parameter Name="Parts">Common</Parameter>
    <Parameter Name="Costs">S0|C13|D0</Parameter>
    <Parameter Name="Modules">CCC,QBM</Parameter>
  </Header>
  <Tasks>
    <Task Class="VI.Transport.TagTransport, VI.Transport" Display="TagTransport">
      <Parameter Name="Costs">S0|C13|D0</Parameter>
      <Parameter Name="TaskPath">TagTransport</Parameter>
      <Parameter Name="LockTags">False</Parameter>
      <Parameter Name="UseRelations">True</Parameter>
    </Task>
  </Tasks>
  <Modules>
    <Module Id="CCC" Name="Customer configured content" Version="9.1.0.30" />
    <Module Id="QBM" Name="Configuration Module" Version="9.1.0.30" />
  </Modules>
</DBTransporter>