﻿<!DOCTYPE ObjectContainer>
<Container>
   <BaseObject><Key>
  <Table Name="DialogTag" Display="UNITE" Key="CCC-AF35591E0913774FA9C1AA266E5F06D0">
    <Prop Name="UID_DialogTag">
      <Value>CCC-AF35591E0913774FA9C1AA266E5F06D0</Value>
    </Prop>
  </Table>
</Key></BaseObject>
   <DeleteResiduals>true</DeleteResiduals>
   <Relations>
      <Relation Table="DialogTaggedItem" Column="UID_DialogTag" Direction="Both" />
      <Relation Table="QBMTaggedChange" Column="UID_DialogTag" Direction="Both" />
   </Relations>
   <DbObjects>
      <DbObject Display="UNITE" Version="2">
         <Key>
            <Table Name="DialogTag" Display="UNITE" Key="CCC-AF35591E0913774FA9C1AA266E5F06D0">
               <Prop Name="UID_DialogTag">
                  <Value>CCC-AF35591E0913774FA9C1AA266E5F06D0</Value>
               </Prop>
            </Table>
         </Key>
         <Columns>
            <Column Name="Ident_DialogTag" Display="UNITE">
               <Value>UNITE</Value>
            </Column>
            <Column Name="IsClosed" Display="False">
               <Value>False</Value>
            </Column>
            <Column Name="TagType" Display="Change">
               <Value>CHANGE</Value>
            </Column>
            <Column Name="UID_DialogTag" Display="CCC-AF35591E0913774FA9C1AA266E5F06D0">
               <Value>CCC-AF35591E0913774FA9C1AA266E5F06D0</Value>
            </Column>
            <Column Name="UID_DialogTagParent">
               <Value />
            </Column>
            <Column Name="XMarkedForDeletion">
               <Value>0</Value>
            </Column>
         </Columns>
      </DbObject>
      <DbObject Display="CCC-AF35591E0913774FA9C1AA266E5F06D0 - &lt;Key&gt;&lt;T&gt;DialogScript&lt;/T&gt;&lt;P&gt;CCC-8EAC9AE0737EB148BC4905D538D45450&lt;/P&gt;&lt;/Key&gt;" Version="2">
         <Key>
            <Table Name="QBMTaggedChange" Display="CCC-AF35591E0913774FA9C1AA266E5F06D0 - &lt;Key&gt;&lt;T&gt;DialogScript&lt;/T&gt;&lt;P&gt;CCC-8EAC9AE0737EB148BC4905D538D45450&lt;/P&gt;&lt;/Key&gt;" Key="CCC-1921425080CFC14FBEE82AF92F5881A8">
               <Prop Name="UID_QBMTaggedChange">
                  <Value>CCC-1921425080CFC14FBEE82AF92F5881A8</Value>
               </Prop>
            </Table>
         </Key>
         <Columns>
            <Column Name="ChangeContent" Display="&lt;Diff&gt;&lt;Data State=&quot;Loaded, PermissionBased&quot; /&gt;&lt;Op Columnname=&quot;ScriptCode&quot; Type=&quot;Value&quot; ValType=&quot;String&quot; AlreadyApplied=&quot;True&quot;&gt;&lt;OldValue&gt;#If Not SCRIPTDEBUGGER Then&#xD;&#xA;	Imports System.Collections.Generic&#xD;&#xA;    Imports Newtonsoft.Json&#xD;&#xA;	Imports System.Threading.Tasks	&#xD;&#xA;#End If&#xD;&#xA;&#xD;&#xA;Public Function CCC_Call_Database_Direct (ByVal centralAccount As String) As List(Of ReportRole) &#xD;&#xA;&#xD;&#xA;	Dim ret As New List(Of ReportRole)&#xD;&#xA;&#xD;&#xA;	Try&#xD;&#xA;        Dim connData As ConnectData = DbApp.Instance.Connect(VID_GetValueOfDialogdatabases(&quot;ConnectionString&quot;))&#xD;&#xA;        Dim sqlExec As SqlExecutor = connData.Connection.CreateSqlExecutor(connData.PublicKey)&#xD;&#xA;          &#xD;&#xA;        ' Application role members count&#xD;&#xA;        Dim query = &quot;SELECT ph.CentralAccount, p.FirstName, p.LastName, p.Title, Org.Ident_Org &quot; + _&#xD;&#xA;					&quot;FROM  Person p INNER JOIN &quot; + _&#xD;&#xA;					&quot;	  PersonInOrg ON p.UID_Person = PersonInOrg.UID_Person INNER JOIN &quot; + _&#xD;&#xA;					&quot;	  Org ON PersonInOrg.UID_Org = Org.UID_Org INNER JOIN &quot; + _&#xD;&#xA;					&quot;	  Person AS ph ON p.UID_PersonHead = ph.UID_Person &quot; + _&#xD;&#xA;					&quot;WHere ph.CentralAccount = '&quot; + centralAccount + &quot;' &quot; + _&#xD;&#xA;					&quot;Order By p.LastName &quot;&#xD;&#xA; &#xD;&#xA;       Using  reader = sqlExec.SqlExecute(query)&#xD;&#xA; &#xD;&#xA;           While reader.Read()&#xD;&#xA;			   &#xD;&#xA;			   ret.Add(New ReportRole With {&#xD;&#xA;                                            .ManagerCentralAccount = reader.GetString(0),&#xD;&#xA;                                            .FirstName = reader.GetString(1),&#xD;&#xA;                                            .LastName = reader.GetString(2),&#xD;&#xA;											.Title = reader.GetString(3),&#xD;&#xA;											.BusinessRole = reader.GetString(4)&#xD;&#xA;                                           })&#xD;&#xA;			   &#xD;&#xA;               &#xD;&#xA;           End While&#xD;&#xA; &#xD;&#xA;       End Using&#xD;&#xA; &#xD;&#xA;    Catch DBEx As Exception&#xD;&#xA;        Debug.Print(&quot;Exception&quot;)&#xD;&#xA;    End Try&#xD;&#xA;	&#xD;&#xA;	Return ret&#xD;&#xA;	&#xD;&#xA;End Function&#xD;&#xA;&#xD;&#xA;Public Class ReportRole&#xD;&#xA;    Public Property ManagerCentralAccount As String&#xD;&#xA;    Public Property FirstName As String&#xD;&#xA;    Public Property LastName As String&#xD;&#xA;	Public Property Title As String&#xD;&#xA;    Public Property BusinessRole As String&#xD;&#xA;End Class&lt;/OldValue&gt;&lt;Value&gt;#If Not SCRIPTDEBUGGER Then&#xD;&#xA;	Imports System.Collections.Generic&#xD;&#xA;    Imports Newtonsoft.Json&#xD;&#xA;	Imports System.Threading.Tasks	&#xD;&#xA;#End If&#xD;&#xA;&#xD;&#xA;Public Function CCC_Call_Database_Direct (ByVal centralAccount As String) As List(Of ReportRole) &#xD;&#xA;&#xD;&#xA;	Dim ret As New List(Of ReportRole)&#xD;&#xA;&#xD;&#xA;	Try&#xD;&#xA;        Dim connData As ConnectData = DbApp.Instance.Connect(VID_GetValueOfDialogdatabases(&quot;ConnectionString&quot;))&#xD;&#xA;        Dim sqlExec As SqlExecutor = connData.Connection.CreateSqlExecutor(connData.PublicKey)&#xD;&#xA;          &#xD;&#xA;        ' Application role members count&#xD;&#xA;        Dim query = &quot;SELECT ph.CentralAccount, p.FirstName, p.LastName, p.Title, Org.Ident_Org &quot; + _&#xD;&#xA;					&quot;FROM  Person p INNER JOIN &quot; + _&#xD;&#xA;					&quot;	  PersonInOrg ON p.UID_Person = PersonInOrg.UID_Person INNER JOIN &quot; + _&#xD;&#xA;					&quot;	  Org ON PersonInOrg.UID_Org = Org.UID_Org INNER JOIN &quot; + _&#xD;&#xA;					&quot;	  Person AS ph ON p.UID_PersonHead = ph.UID_Person &quot; + _&#xD;&#xA;					&quot;WHere ph.UID_Person = '&quot; + centralAccount + &quot;' &quot; + _&#xD;&#xA;					&quot;Order By p.LastName &quot;&#xD;&#xA; &#xD;&#xA;       Using  reader = sqlExec.SqlExecute(query)&#xD;&#xA; &#xD;&#xA;           While reader.Read()&#xD;&#xA;			   &#xD;&#xA;			   ret.Add(New ReportRole With {&#xD;&#xA;                                            .ManagerCentralAccount = reader.GetString(0),&#xD;&#xA;                                            .FirstName = reader.GetString(1),&#xD;&#xA;                                            .LastName = reader.GetString(2),&#xD;&#xA;											.Title = reader.GetString(3),&#xD;&#xA;											.BusinessRole = reader.GetString(4)&#xD;&#xA;                                           })&#xD;&#xA;			   &#xD;&#xA;               &#xD;&#xA;           End While&#xD;&#xA; &#xD;&#xA;       End Using&#xD;&#xA; &#xD;&#xA;    Catch DBEx As Exception&#xD;&#xA;        Debug.Print(&quot;Exception&quot;)&#xD;&#xA;    End Try&#xD;&#xA;	&#xD;&#xA;	Return ret&#xD;&#xA;	&#xD;&#xA;End Function&#xD;&#xA;&#xD;&#xA;Public Class ReportRole&#xD;&#xA;    Public Property ManagerCentralAccount As String&#xD;&#xA;    Public Property FirstName As String&#xD;&#xA;    Public Property LastName As String&#xD;&#xA;	Public Property Title As String&#xD;&#xA;    Public Property BusinessRole As String&#xD;&#xA;End Class&lt;/Value&gt;&lt;/Op&gt;&lt;/Diff&gt;">
               <Value>&lt;Diff&gt;&lt;Data State="Loaded, PermissionBased" /&gt;&lt;Op Columnname="ScriptCode" Type="Value" ValType="String" AlreadyApplied="True"&gt;&lt;OldValue&gt;#If Not SCRIPTDEBUGGER Then
	Imports System.Collections.Generic
    Imports Newtonsoft.Json
	Imports System.Threading.Tasks	
#End If

Public Function CCC_Call_Database_Direct (ByVal centralAccount As String) As List(Of ReportRole) 

	Dim ret As New List(Of ReportRole)

	Try
        Dim connData As ConnectData = DbApp.Instance.Connect(VID_GetValueOfDialogdatabases("ConnectionString"))
        Dim sqlExec As SqlExecutor = connData.Connection.CreateSqlExecutor(connData.PublicKey)
          
        ' Application role members count
        Dim query = "SELECT ph.CentralAccount, p.FirstName, p.LastName, p.Title, Org.Ident_Org " + _
					"FROM  Person p INNER JOIN " + _
					"	  PersonInOrg ON p.UID_Person = PersonInOrg.UID_Person INNER JOIN " + _
					"	  Org ON PersonInOrg.UID_Org = Org.UID_Org INNER JOIN " + _
					"	  Person AS ph ON p.UID_PersonHead = ph.UID_Person " + _
					"WHere ph.CentralAccount = '" + centralAccount + "' " + _
					"Order By p.LastName "
 
       Using  reader = sqlExec.SqlExecute(query)
 
           While reader.Read()
			   
			   ret.Add(New ReportRole With {
                                            .ManagerCentralAccount = reader.GetString(0),
                                            .FirstName = reader.GetString(1),
                                            .LastName = reader.GetString(2),
											.Title = reader.GetString(3),
											.BusinessRole = reader.GetString(4)
                                           })
			   
               
           End While
 
       End Using
 
    Catch DBEx As Exception
        Debug.Print("Exception")
    End Try
	
	Return ret
	
End Function

Public Class ReportRole
    Public Property ManagerCentralAccount As String
    Public Property FirstName As String
    Public Property LastName As String
	Public Property Title As String
    Public Property BusinessRole As String
End Class&lt;/OldValue&gt;&lt;Value&gt;#If Not SCRIPTDEBUGGER Then
	Imports System.Collections.Generic
    Imports Newtonsoft.Json
	Imports System.Threading.Tasks	
#End If

Public Function CCC_Call_Database_Direct (ByVal centralAccount As String) As List(Of ReportRole) 

	Dim ret As New List(Of ReportRole)

	Try
        Dim connData As ConnectData = DbApp.Instance.Connect(VID_GetValueOfDialogdatabases("ConnectionString"))
        Dim sqlExec As SqlExecutor = connData.Connection.CreateSqlExecutor(connData.PublicKey)
          
        ' Application role members count
        Dim query = "SELECT ph.CentralAccount, p.FirstName, p.LastName, p.Title, Org.Ident_Org " + _
					"FROM  Person p INNER JOIN " + _
					"	  PersonInOrg ON p.UID_Person = PersonInOrg.UID_Person INNER JOIN " + _
					"	  Org ON PersonInOrg.UID_Org = Org.UID_Org INNER JOIN " + _
					"	  Person AS ph ON p.UID_PersonHead = ph.UID_Person " + _
					"WHere ph.UID_Person = '" + centralAccount + "' " + _
					"Order By p.LastName "
 
       Using  reader = sqlExec.SqlExecute(query)
 
           While reader.Read()
			   
			   ret.Add(New ReportRole With {
                                            .ManagerCentralAccount = reader.GetString(0),
                                            .FirstName = reader.GetString(1),
                                            .LastName = reader.GetString(2),
											.Title = reader.GetString(3),
											.BusinessRole = reader.GetString(4)
                                           })
			   
               
           End While
 
       End Using
 
    Catch DBEx As Exception
        Debug.Print("Exception")
    End Try
	
	Return ret
	
End Function

Public Class ReportRole
    Public Property ManagerCentralAccount As String
    Public Property FirstName As String
    Public Property LastName As String
	Public Property Title As String
    Public Property BusinessRole As String
End Class&lt;/Value&gt;&lt;/Op&gt;&lt;/Diff&gt;</Value>
            </Column>
            <Column Name="ObjectKey" Display="&lt;Key&gt;&lt;T&gt;DialogScript&lt;/T&gt;&lt;P&gt;CCC-8EAC9AE0737EB148BC4905D538D45450&lt;/P&gt;&lt;/Key&gt;">
               <Value>&lt;Key&gt;&lt;T&gt;DialogScript&lt;/T&gt;&lt;P&gt;CCC-8EAC9AE0737EB148BC4905D538D45450&lt;/P&gt;&lt;/Key&gt;</Value>
            </Column>
            <Column Name="SortOrder" Display="2949606937657353">
               <Value>2949606937657353</Value>
            </Column>
            <Column Name="UID_DialogTag" Display="CCC-AF35591E0913774FA9C1AA266E5F06D0">
               <Key>
                  <Table Name="DialogTag" Display="UNITE" Key="CCC-AF35591E0913774FA9C1AA266E5F06D0">
                     <Prop Name="UID_DialogTag">
                        <Value>CCC-AF35591E0913774FA9C1AA266E5F06D0</Value>
                     </Prop>
                  </Table>
               </Key>
            </Column>
            <Column Name="UID_QBMTaggedChange" Display="CCC-1921425080CFC14FBEE82AF92F5881A8">
               <Value>CCC-1921425080CFC14FBEE82AF92F5881A8</Value>
            </Column>
            <Column Name="XDateInserted" Display="1/5/2023 3:31:33 PM">
               <Value>2023-01-05T21:31:33.8970000Z</Value>
            </Column>
            <Column Name="XDateUpdated" Display="1/5/2023 3:31:33 PM">
               <Value>2023-01-05T21:31:33.8970000Z</Value>
            </Column>
            <Column Name="XMarkedForDeletion">
               <Value>0</Value>
            </Column>
            <Column Name="XObjectKey" Display="&lt;Key&gt;&lt;T&gt;QBMTaggedChange&lt;/T&gt;&lt;P&gt;CCC-1921425080CFC14FBEE82AF92F5881A8&lt;/P&gt;&lt;/Key&gt;">
               <Value>&lt;Key&gt;&lt;T&gt;QBMTaggedChange&lt;/T&gt;&lt;P&gt;CCC-1921425080CFC14FBEE82AF92F5881A8&lt;/P&gt;&lt;/Key&gt;</Value>
            </Column>
            <Column Name="XTouched">
               <Value />
            </Column>
            <Column Name="XUserInserted" Display="Paul">
               <Value>Paul</Value>
            </Column>
            <Column Name="XUserUpdated" Display="Paul">
               <Value>Paul</Value>
            </Column>
         </Columns>
      </DbObject>
      <DbObject Display="CCC-AF35591E0913774FA9C1AA266E5F06D0 - &lt;Key&gt;&lt;T&gt;DialogScript&lt;/T&gt;&lt;P&gt;CCC-8EAC9AE0737EB148BC4905D538D45450&lt;/P&gt;&lt;/Key&gt;" Version="2">
         <Key>
            <Table Name="QBMTaggedChange" Display="CCC-AF35591E0913774FA9C1AA266E5F06D0 - &lt;Key&gt;&lt;T&gt;DialogScript&lt;/T&gt;&lt;P&gt;CCC-8EAC9AE0737EB148BC4905D538D45450&lt;/P&gt;&lt;/Key&gt;" Key="CCC-D45EB94D4CFD0748866FFB6B4545B578">
               <Prop Name="UID_QBMTaggedChange">
                  <Value>CCC-D45EB94D4CFD0748866FFB6B4545B578</Value>
               </Prop>
            </Table>
         </Key>
         <Columns>
            <Column Name="ChangeContent" Display="&lt;Diff&gt;&lt;Data State=&quot;PermissionBased&quot; /&gt;&lt;Op Columnname=&quot;ScriptCode&quot; Type=&quot;Value&quot; ValType=&quot;String&quot; AlreadyApplied=&quot;True&quot;&gt;&lt;OldValue /&gt;&lt;Value&gt;#If Not SCRIPTDEBUGGER Then&#xD;&#xA;	Imports System.Collections.Generic&#xD;&#xA;    Imports Newtonsoft.Json&#xD;&#xA;	Imports System.Threading.Tasks	&#xD;&#xA;#End If&#xD;&#xA;&#xD;&#xA;Public Function CCC_Call_Database_Direct (ByVal centralAccount As String) As List(Of ReportRole) &#xD;&#xA;&#xD;&#xA;	Dim ret As New List(Of ReportRole)&#xD;&#xA;&#xD;&#xA;	Try&#xD;&#xA;        Dim connData As ConnectData = DbApp.Instance.Connect(VID_GetValueOfDialogdatabases(&quot;ConnectionString&quot;))&#xD;&#xA;        Dim sqlExec As SqlExecutor = connData.Connection.CreateSqlExecutor(connData.PublicKey)&#xD;&#xA;          &#xD;&#xA;        ' Application role members count&#xD;&#xA;        Dim query = &quot;SELECT ph.CentralAccount, p.FirstName, p.LastName, p.Title, Org.Ident_Org &quot; + _&#xD;&#xA;					&quot;FROM  Person p INNER JOIN &quot; + _&#xD;&#xA;					&quot;	  PersonInOrg ON p.UID_Person = PersonInOrg.UID_Person INNER JOIN &quot; + _&#xD;&#xA;					&quot;	  Org ON PersonInOrg.UID_Org = Org.UID_Org INNER JOIN &quot; + _&#xD;&#xA;					&quot;	  Person AS ph ON p.UID_PersonHead = ph.UID_Person &quot; + _&#xD;&#xA;					&quot;WHere ph.CentralAccount = '&quot; + centralAccount + &quot;' &quot; + _&#xD;&#xA;					&quot;Order By p.LastName &quot;&#xD;&#xA; &#xD;&#xA;       Using  reader = sqlExec.SqlExecute(query)&#xD;&#xA; &#xD;&#xA;           While reader.Read()&#xD;&#xA;			   &#xD;&#xA;			   ret.Add(New ReportRole With {&#xD;&#xA;                                            .ManagerCentralAccount = reader.GetString(0),&#xD;&#xA;                                            .FirstName = reader.GetString(1),&#xD;&#xA;                                            .LastName = reader.GetString(2),&#xD;&#xA;											.Title = reader.GetString(3),&#xD;&#xA;											.BusinessRole = reader.GetString(4)&#xD;&#xA;                                           })&#xD;&#xA;			   &#xD;&#xA;               &#xD;&#xA;           End While&#xD;&#xA; &#xD;&#xA;       End Using&#xD;&#xA; &#xD;&#xA;    Catch DBEx As Exception&#xD;&#xA;        Debug.Print(&quot;Exception&quot;)&#xD;&#xA;    End Try&#xD;&#xA;	&#xD;&#xA;	Return ret&#xD;&#xA;	&#xD;&#xA;End Function&#xD;&#xA;&#xD;&#xA;Public Class ReportRole&#xD;&#xA;    Public Property ManagerCentralAccount As String&#xD;&#xA;    Public Property FirstName As String&#xD;&#xA;    Public Property LastName As String&#xD;&#xA;	Public Property Title As String&#xD;&#xA;    Public Property BusinessRole As String&#xD;&#xA;End Class&lt;/Value&gt;&lt;/Op&gt;&lt;Op Columnname=&quot;ScriptName&quot; Type=&quot;Value&quot; ValType=&quot;String&quot; AlreadyApplied=&quot;True&quot;&gt;&lt;OldValue /&gt;&lt;Value&gt;CCC_Call_Database_Direct&lt;/Value&gt;&lt;/Op&gt;&lt;Op Columnname=&quot;UID_DialogScript&quot; Type=&quot;Value&quot; ValType=&quot;String&quot; AlreadyApplied=&quot;True&quot;&gt;&lt;OldValue /&gt;&lt;Value&gt;CCC-8EAC9AE0737EB148BC4905D538D45450&lt;/Value&gt;&lt;/Op&gt;&lt;/Diff&gt;">
               <Value>&lt;Diff&gt;&lt;Data State="PermissionBased" /&gt;&lt;Op Columnname="ScriptCode" Type="Value" ValType="String" AlreadyApplied="True"&gt;&lt;OldValue /&gt;&lt;Value&gt;#If Not SCRIPTDEBUGGER Then
	Imports System.Collections.Generic
    Imports Newtonsoft.Json
	Imports System.Threading.Tasks	
#End If

Public Function CCC_Call_Database_Direct (ByVal centralAccount As String) As List(Of ReportRole) 

	Dim ret As New List(Of ReportRole)

	Try
        Dim connData As ConnectData = DbApp.Instance.Connect(VID_GetValueOfDialogdatabases("ConnectionString"))
        Dim sqlExec As SqlExecutor = connData.Connection.CreateSqlExecutor(connData.PublicKey)
          
        ' Application role members count
        Dim query = "SELECT ph.CentralAccount, p.FirstName, p.LastName, p.Title, Org.Ident_Org " + _
					"FROM  Person p INNER JOIN " + _
					"	  PersonInOrg ON p.UID_Person = PersonInOrg.UID_Person INNER JOIN " + _
					"	  Org ON PersonInOrg.UID_Org = Org.UID_Org INNER JOIN " + _
					"	  Person AS ph ON p.UID_PersonHead = ph.UID_Person " + _
					"WHere ph.CentralAccount = '" + centralAccount + "' " + _
					"Order By p.LastName "
 
       Using  reader = sqlExec.SqlExecute(query)
 
           While reader.Read()
			   
			   ret.Add(New ReportRole With {
                                            .ManagerCentralAccount = reader.GetString(0),
                                            .FirstName = reader.GetString(1),
                                            .LastName = reader.GetString(2),
											.Title = reader.GetString(3),
											.BusinessRole = reader.GetString(4)
                                           })
			   
               
           End While
 
       End Using
 
    Catch DBEx As Exception
        Debug.Print("Exception")
    End Try
	
	Return ret
	
End Function

Public Class ReportRole
    Public Property ManagerCentralAccount As String
    Public Property FirstName As String
    Public Property LastName As String
	Public Property Title As String
    Public Property BusinessRole As String
End Class&lt;/Value&gt;&lt;/Op&gt;&lt;Op Columnname="ScriptName" Type="Value" ValType="String" AlreadyApplied="True"&gt;&lt;OldValue /&gt;&lt;Value&gt;CCC_Call_Database_Direct&lt;/Value&gt;&lt;/Op&gt;&lt;Op Columnname="UID_DialogScript" Type="Value" ValType="String" AlreadyApplied="True"&gt;&lt;OldValue /&gt;&lt;Value&gt;CCC-8EAC9AE0737EB148BC4905D538D45450&lt;/Value&gt;&lt;/Op&gt;&lt;/Diff&gt;</Value>
            </Column>
            <Column Name="ObjectKey" Display="&lt;Key&gt;&lt;T&gt;DialogScript&lt;/T&gt;&lt;P&gt;CCC-8EAC9AE0737EB148BC4905D538D45450&lt;/P&gt;&lt;/Key&gt;">
               <Value>&lt;Key&gt;&lt;T&gt;DialogScript&lt;/T&gt;&lt;P&gt;CCC-8EAC9AE0737EB148BC4905D538D45450&lt;/P&gt;&lt;/Key&gt;</Value>
            </Column>
            <Column Name="SortOrder" Display="2935648318324737">
               <Value>2935648318324737</Value>
            </Column>
            <Column Name="UID_DialogTag" Display="CCC-AF35591E0913774FA9C1AA266E5F06D0">
               <Key>
                  <Table Name="DialogTag" Display="UNITE" Key="CCC-AF35591E0913774FA9C1AA266E5F06D0">
                     <Prop Name="UID_DialogTag">
                        <Value>CCC-AF35591E0913774FA9C1AA266E5F06D0</Value>
                     </Prop>
                  </Table>
               </Key>
            </Column>
            <Column Name="UID_QBMTaggedChange" Display="CCC-D45EB94D4CFD0748866FFB6B4545B578">
               <Value>CCC-D45EB94D4CFD0748866FFB6B4545B578</Value>
            </Column>
            <Column Name="XDateInserted" Display="12/20/2022 11:47:11 AM">
               <Value>2022-12-20T17:47:11.8730000Z</Value>
            </Column>
            <Column Name="XDateUpdated" Display="12/20/2022 11:47:11 AM">
               <Value>2022-12-20T17:47:11.8730000Z</Value>
            </Column>
            <Column Name="XMarkedForDeletion">
               <Value>0</Value>
            </Column>
            <Column Name="XObjectKey" Display="&lt;Key&gt;&lt;T&gt;QBMTaggedChange&lt;/T&gt;&lt;P&gt;CCC-D45EB94D4CFD0748866FFB6B4545B578&lt;/P&gt;&lt;/Key&gt;">
               <Value>&lt;Key&gt;&lt;T&gt;QBMTaggedChange&lt;/T&gt;&lt;P&gt;CCC-D45EB94D4CFD0748866FFB6B4545B578&lt;/P&gt;&lt;/Key&gt;</Value>
            </Column>
            <Column Name="XTouched">
               <Value />
            </Column>
            <Column Name="XUserInserted" Display="Paul">
               <Value>Paul</Value>
            </Column>
            <Column Name="XUserUpdated" Display="Paul">
               <Value>Paul</Value>
            </Column>
         </Columns>
      </DbObject>
      <DbObject Display="CCC-AF35591E0913774FA9C1AA266E5F06D0 - &lt;Key&gt;&lt;T&gt;QBMGroupHasLimitedSQL&lt;/T&gt;&lt;P&gt;CCC-3AC94E38B132CD4080A0824DA750E14F&lt;/P&gt;&lt;P&gt;CCC-729C53161551E54699B237EF16898B83&lt;/P&gt;&lt;/Key&gt;" Version="2">
         <Key>
            <Table Name="QBMTaggedChange" Display="CCC-AF35591E0913774FA9C1AA266E5F06D0 - &lt;Key&gt;&lt;T&gt;QBMGroupHasLimitedSQL&lt;/T&gt;&lt;P&gt;CCC-3AC94E38B132CD4080A0824DA750E14F&lt;/P&gt;&lt;P&gt;CCC-729C53161551E54699B237EF16898B83&lt;/P&gt;&lt;/Key&gt;" Key="CCC-FD1D88EFA842CC45BA654E53127CE072">
               <Prop Name="UID_QBMTaggedChange">
                  <Value>CCC-FD1D88EFA842CC45BA654E53127CE072</Value>
               </Prop>
            </Table>
         </Key>
         <Columns>
            <Column Name="ChangeContent" Display="&lt;Diff&gt;&lt;Data State=&quot;PermissionBased&quot; /&gt;&lt;Op Columnname=&quot;UID_DialogGroup&quot; Type=&quot;Value&quot; ValType=&quot;String&quot; AlreadyApplied=&quot;True&quot;&gt;&lt;OldValue /&gt;&lt;Value&gt;CCC-3AC94E38B132CD4080A0824DA750E14F&lt;/Value&gt;&lt;/Op&gt;&lt;Op Columnname=&quot;UID_QBMLimitedSQL&quot; Type=&quot;Value&quot; ValType=&quot;String&quot; AlreadyApplied=&quot;True&quot;&gt;&lt;OldValue /&gt;&lt;Value&gt;CCC-729C53161551E54699B237EF16898B83&lt;/Value&gt;&lt;/Op&gt;&lt;/Diff&gt;">
               <Value>&lt;Diff&gt;&lt;Data State="PermissionBased" /&gt;&lt;Op Columnname="UID_DialogGroup" Type="Value" ValType="String" AlreadyApplied="True"&gt;&lt;OldValue /&gt;&lt;Value&gt;CCC-3AC94E38B132CD4080A0824DA750E14F&lt;/Value&gt;&lt;/Op&gt;&lt;Op Columnname="UID_QBMLimitedSQL" Type="Value" ValType="String" AlreadyApplied="True"&gt;&lt;OldValue /&gt;&lt;Value&gt;CCC-729C53161551E54699B237EF16898B83&lt;/Value&gt;&lt;/Op&gt;&lt;/Diff&gt;</Value>
            </Column>
            <Column Name="ObjectKey" Display="&lt;Key&gt;&lt;T&gt;QBMGroupHasLimitedSQL&lt;/T&gt;&lt;P&gt;CCC-3AC94E38B132CD4080A0824DA750E14F&lt;/P&gt;&lt;P&gt;CCC-729C53161551E54699B237EF16898B83&lt;/P&gt;&lt;/Key&gt;">
               <Value>&lt;Key&gt;&lt;T&gt;QBMGroupHasLimitedSQL&lt;/T&gt;&lt;P&gt;CCC-3AC94E38B132CD4080A0824DA750E14F&lt;/P&gt;&lt;P&gt;CCC-729C53161551E54699B237EF16898B83&lt;/P&gt;&lt;/Key&gt;</Value>
            </Column>
            <Column Name="SortOrder" Display="2935796053704707">
               <Value>2935796053704707</Value>
            </Column>
            <Column Name="UID_DialogTag" Display="CCC-AF35591E0913774FA9C1AA266E5F06D0">
               <Key>
                  <Table Name="DialogTag" Display="UNITE" Key="CCC-AF35591E0913774FA9C1AA266E5F06D0">
                     <Prop Name="UID_DialogTag">
                        <Value>CCC-AF35591E0913774FA9C1AA266E5F06D0</Value>
                     </Prop>
                  </Table>
               </Key>
            </Column>
            <Column Name="UID_QBMTaggedChange" Display="CCC-FD1D88EFA842CC45BA654E53127CE072">
               <Value>CCC-FD1D88EFA842CC45BA654E53127CE072</Value>
            </Column>
            <Column Name="XDateInserted" Display="12/20/2022 3:53:25 PM">
               <Value>2022-12-20T21:53:25.6170000Z</Value>
            </Column>
            <Column Name="XDateUpdated" Display="12/20/2022 3:53:25 PM">
               <Value>2022-12-20T21:53:25.6170000Z</Value>
            </Column>
            <Column Name="XMarkedForDeletion">
               <Value>0</Value>
            </Column>
            <Column Name="XObjectKey" Display="&lt;Key&gt;&lt;T&gt;QBMTaggedChange&lt;/T&gt;&lt;P&gt;CCC-FD1D88EFA842CC45BA654E53127CE072&lt;/P&gt;&lt;/Key&gt;">
               <Value>&lt;Key&gt;&lt;T&gt;QBMTaggedChange&lt;/T&gt;&lt;P&gt;CCC-FD1D88EFA842CC45BA654E53127CE072&lt;/P&gt;&lt;/Key&gt;</Value>
            </Column>
            <Column Name="XTouched">
               <Value />
            </Column>
            <Column Name="XUserInserted" Display="Paul">
               <Value>Paul</Value>
            </Column>
            <Column Name="XUserUpdated" Display="Paul">
               <Value>Paul</Value>
            </Column>
         </Columns>
      </DbObject>
      <DbObject Display="CCC-AF35591E0913774FA9C1AA266E5F06D0 - &lt;Key&gt;&lt;T&gt;QBMGroupHasLimitedSQL&lt;/T&gt;&lt;P&gt;CCC-3B3D68DF9AD7ABDE15B1474FEB59C6C2&lt;/P&gt;&lt;P&gt;CCC-729C53161551E54699B237EF16898B83&lt;/P&gt;&lt;/Key&gt;" Version="2">
         <Key>
            <Table Name="QBMTaggedChange" Display="CCC-AF35591E0913774FA9C1AA266E5F06D0 - &lt;Key&gt;&lt;T&gt;QBMGroupHasLimitedSQL&lt;/T&gt;&lt;P&gt;CCC-3B3D68DF9AD7ABDE15B1474FEB59C6C2&lt;/P&gt;&lt;P&gt;CCC-729C53161551E54699B237EF16898B83&lt;/P&gt;&lt;/Key&gt;" Key="CCC-7DD38CBD99021E44B3563D225614B1DA">
               <Prop Name="UID_QBMTaggedChange">
                  <Value>CCC-7DD38CBD99021E44B3563D225614B1DA</Value>
               </Prop>
            </Table>
         </Key>
         <Columns>
            <Column Name="ChangeContent" Display="&lt;Diff&gt;&lt;Data State=&quot;PermissionBased&quot; /&gt;&lt;Op Columnname=&quot;UID_DialogGroup&quot; Type=&quot;Value&quot; ValType=&quot;String&quot; AlreadyApplied=&quot;True&quot;&gt;&lt;OldValue /&gt;&lt;Value&gt;CCC-3B3D68DF9AD7ABDE15B1474FEB59C6C2&lt;/Value&gt;&lt;/Op&gt;&lt;Op Columnname=&quot;UID_QBMLimitedSQL&quot; Type=&quot;Value&quot; ValType=&quot;String&quot; AlreadyApplied=&quot;True&quot;&gt;&lt;OldValue /&gt;&lt;Value&gt;CCC-729C53161551E54699B237EF16898B83&lt;/Value&gt;&lt;/Op&gt;&lt;/Diff&gt;">
               <Value>&lt;Diff&gt;&lt;Data State="PermissionBased" /&gt;&lt;Op Columnname="UID_DialogGroup" Type="Value" ValType="String" AlreadyApplied="True"&gt;&lt;OldValue /&gt;&lt;Value&gt;CCC-3B3D68DF9AD7ABDE15B1474FEB59C6C2&lt;/Value&gt;&lt;/Op&gt;&lt;Op Columnname="UID_QBMLimitedSQL" Type="Value" ValType="String" AlreadyApplied="True"&gt;&lt;OldValue /&gt;&lt;Value&gt;CCC-729C53161551E54699B237EF16898B83&lt;/Value&gt;&lt;/Op&gt;&lt;/Diff&gt;</Value>
            </Column>
            <Column Name="ObjectKey" Display="&lt;Key&gt;&lt;T&gt;QBMGroupHasLimitedSQL&lt;/T&gt;&lt;P&gt;CCC-3B3D68DF9AD7ABDE15B1474FEB59C6C2&lt;/P&gt;&lt;P&gt;CCC-729C53161551E54699B237EF16898B83&lt;/P&gt;&lt;/Key&gt;">
               <Value>&lt;Key&gt;&lt;T&gt;QBMGroupHasLimitedSQL&lt;/T&gt;&lt;P&gt;CCC-3B3D68DF9AD7ABDE15B1474FEB59C6C2&lt;/P&gt;&lt;P&gt;CCC-729C53161551E54699B237EF16898B83&lt;/P&gt;&lt;/Key&gt;</Value>
            </Column>
            <Column Name="SortOrder" Display="2935796053704709">
               <Value>2935796053704709</Value>
            </Column>
            <Column Name="UID_DialogTag" Display="CCC-AF35591E0913774FA9C1AA266E5F06D0">
               <Key>
                  <Table Name="DialogTag" Display="UNITE" Key="CCC-AF35591E0913774FA9C1AA266E5F06D0">
                     <Prop Name="UID_DialogTag">
                        <Value>CCC-AF35591E0913774FA9C1AA266E5F06D0</Value>
                     </Prop>
                  </Table>
               </Key>
            </Column>
            <Column Name="UID_QBMTaggedChange" Display="CCC-7DD38CBD99021E44B3563D225614B1DA">
               <Value>CCC-7DD38CBD99021E44B3563D225614B1DA</Value>
            </Column>
            <Column Name="XDateInserted" Display="12/20/2022 3:53:25 PM">
               <Value>2022-12-20T21:53:25.6200000Z</Value>
            </Column>
            <Column Name="XDateUpdated" Display="12/20/2022 3:53:25 PM">
               <Value>2022-12-20T21:53:25.6200000Z</Value>
            </Column>
            <Column Name="XMarkedForDeletion">
               <Value>0</Value>
            </Column>
            <Column Name="XObjectKey" Display="&lt;Key&gt;&lt;T&gt;QBMTaggedChange&lt;/T&gt;&lt;P&gt;CCC-7DD38CBD99021E44B3563D225614B1DA&lt;/P&gt;&lt;/Key&gt;">
               <Value>&lt;Key&gt;&lt;T&gt;QBMTaggedChange&lt;/T&gt;&lt;P&gt;CCC-7DD38CBD99021E44B3563D225614B1DA&lt;/P&gt;&lt;/Key&gt;</Value>
            </Column>
            <Column Name="XTouched">
               <Value />
            </Column>
            <Column Name="XUserInserted" Display="Paul">
               <Value>Paul</Value>
            </Column>
            <Column Name="XUserUpdated" Display="Paul">
               <Value>Paul</Value>
            </Column>
         </Columns>
      </DbObject>
      <DbObject Display="CCC-AF35591E0913774FA9C1AA266E5F06D0 - &lt;Key&gt;&lt;T&gt;QBMGroupHasLimitedSQL&lt;/T&gt;&lt;P&gt;CCC-925C30BDB9A63C89EF4F28512BC91B49&lt;/P&gt;&lt;P&gt;CCC-729C53161551E54699B237EF16898B83&lt;/P&gt;&lt;/Key&gt;" Version="2">
         <Key>
            <Table Name="QBMTaggedChange" Display="CCC-AF35591E0913774FA9C1AA266E5F06D0 - &lt;Key&gt;&lt;T&gt;QBMGroupHasLimitedSQL&lt;/T&gt;&lt;P&gt;CCC-925C30BDB9A63C89EF4F28512BC91B49&lt;/P&gt;&lt;P&gt;CCC-729C53161551E54699B237EF16898B83&lt;/P&gt;&lt;/Key&gt;" Key="CCC-160C0F4BFE804A45B4D630DDC51C9F70">
               <Prop Name="UID_QBMTaggedChange">
                  <Value>CCC-160C0F4BFE804A45B4D630DDC51C9F70</Value>
               </Prop>
            </Table>
         </Key>
         <Columns>
            <Column Name="ChangeContent" Display="&lt;Diff&gt;&lt;Data State=&quot;PermissionBased&quot; /&gt;&lt;Op Columnname=&quot;UID_DialogGroup&quot; Type=&quot;Value&quot; ValType=&quot;String&quot; AlreadyApplied=&quot;True&quot;&gt;&lt;OldValue /&gt;&lt;Value&gt;CCC-925C30BDB9A63C89EF4F28512BC91B49&lt;/Value&gt;&lt;/Op&gt;&lt;Op Columnname=&quot;UID_QBMLimitedSQL&quot; Type=&quot;Value&quot; ValType=&quot;String&quot; AlreadyApplied=&quot;True&quot;&gt;&lt;OldValue /&gt;&lt;Value&gt;CCC-729C53161551E54699B237EF16898B83&lt;/Value&gt;&lt;/Op&gt;&lt;/Diff&gt;">
               <Value>&lt;Diff&gt;&lt;Data State="PermissionBased" /&gt;&lt;Op Columnname="UID_DialogGroup" Type="Value" ValType="String" AlreadyApplied="True"&gt;&lt;OldValue /&gt;&lt;Value&gt;CCC-925C30BDB9A63C89EF4F28512BC91B49&lt;/Value&gt;&lt;/Op&gt;&lt;Op Columnname="UID_QBMLimitedSQL" Type="Value" ValType="String" AlreadyApplied="True"&gt;&lt;OldValue /&gt;&lt;Value&gt;CCC-729C53161551E54699B237EF16898B83&lt;/Value&gt;&lt;/Op&gt;&lt;/Diff&gt;</Value>
            </Column>
            <Column Name="ObjectKey" Display="&lt;Key&gt;&lt;T&gt;QBMGroupHasLimitedSQL&lt;/T&gt;&lt;P&gt;CCC-925C30BDB9A63C89EF4F28512BC91B49&lt;/P&gt;&lt;P&gt;CCC-729C53161551E54699B237EF16898B83&lt;/P&gt;&lt;/Key&gt;">
               <Value>&lt;Key&gt;&lt;T&gt;QBMGroupHasLimitedSQL&lt;/T&gt;&lt;P&gt;CCC-925C30BDB9A63C89EF4F28512BC91B49&lt;/P&gt;&lt;P&gt;CCC-729C53161551E54699B237EF16898B83&lt;/P&gt;&lt;/Key&gt;</Value>
            </Column>
            <Column Name="SortOrder" Display="2935796053704708">
               <Value>2935796053704708</Value>
            </Column>
            <Column Name="UID_DialogTag" Display="CCC-AF35591E0913774FA9C1AA266E5F06D0">
               <Key>
                  <Table Name="DialogTag" Display="UNITE" Key="CCC-AF35591E0913774FA9C1AA266E5F06D0">
                     <Prop Name="UID_DialogTag">
                        <Value>CCC-AF35591E0913774FA9C1AA266E5F06D0</Value>
                     </Prop>
                  </Table>
               </Key>
            </Column>
            <Column Name="UID_QBMTaggedChange" Display="CCC-160C0F4BFE804A45B4D630DDC51C9F70">
               <Value>CCC-160C0F4BFE804A45B4D630DDC51C9F70</Value>
            </Column>
            <Column Name="XDateInserted" Display="12/20/2022 3:53:25 PM">
               <Value>2022-12-20T21:53:25.6170000Z</Value>
            </Column>
            <Column Name="XDateUpdated" Display="12/20/2022 3:53:25 PM">
               <Value>2022-12-20T21:53:25.6170000Z</Value>
            </Column>
            <Column Name="XMarkedForDeletion">
               <Value>0</Value>
            </Column>
            <Column Name="XObjectKey" Display="&lt;Key&gt;&lt;T&gt;QBMTaggedChange&lt;/T&gt;&lt;P&gt;CCC-160C0F4BFE804A45B4D630DDC51C9F70&lt;/P&gt;&lt;/Key&gt;">
               <Value>&lt;Key&gt;&lt;T&gt;QBMTaggedChange&lt;/T&gt;&lt;P&gt;CCC-160C0F4BFE804A45B4D630DDC51C9F70&lt;/P&gt;&lt;/Key&gt;</Value>
            </Column>
            <Column Name="XTouched">
               <Value />
            </Column>
            <Column Name="XUserInserted" Display="Paul">
               <Value>Paul</Value>
            </Column>
            <Column Name="XUserUpdated" Display="Paul">
               <Value>Paul</Value>
            </Column>
         </Columns>
      </DbObject>
      <DbObject Display="CCC-AF35591E0913774FA9C1AA266E5F06D0 - &lt;Key&gt;&lt;T&gt;QBMGroupHasLimitedSQL&lt;/T&gt;&lt;P&gt;CCC-EC7AC7AB947DA4956ABBD46787C75C02&lt;/P&gt;&lt;P&gt;CCC-729C53161551E54699B237EF16898B83&lt;/P&gt;&lt;/Key&gt;" Version="2">
         <Key>
            <Table Name="QBMTaggedChange" Display="CCC-AF35591E0913774FA9C1AA266E5F06D0 - &lt;Key&gt;&lt;T&gt;QBMGroupHasLimitedSQL&lt;/T&gt;&lt;P&gt;CCC-EC7AC7AB947DA4956ABBD46787C75C02&lt;/P&gt;&lt;P&gt;CCC-729C53161551E54699B237EF16898B83&lt;/P&gt;&lt;/Key&gt;" Key="CCC-5698E2F80B9F914E80998251CD000E1D">
               <Prop Name="UID_QBMTaggedChange">
                  <Value>CCC-5698E2F80B9F914E80998251CD000E1D</Value>
               </Prop>
            </Table>
         </Key>
         <Columns>
            <Column Name="ChangeContent" Display="&lt;Diff&gt;&lt;Data State=&quot;PermissionBased&quot; /&gt;&lt;Op Columnname=&quot;UID_DialogGroup&quot; Type=&quot;Value&quot; ValType=&quot;String&quot; AlreadyApplied=&quot;True&quot;&gt;&lt;OldValue /&gt;&lt;Value&gt;CCC-EC7AC7AB947DA4956ABBD46787C75C02&lt;/Value&gt;&lt;/Op&gt;&lt;Op Columnname=&quot;UID_QBMLimitedSQL&quot; Type=&quot;Value&quot; ValType=&quot;String&quot; AlreadyApplied=&quot;True&quot;&gt;&lt;OldValue /&gt;&lt;Value&gt;CCC-729C53161551E54699B237EF16898B83&lt;/Value&gt;&lt;/Op&gt;&lt;/Diff&gt;">
               <Value>&lt;Diff&gt;&lt;Data State="PermissionBased" /&gt;&lt;Op Columnname="UID_DialogGroup" Type="Value" ValType="String" AlreadyApplied="True"&gt;&lt;OldValue /&gt;&lt;Value&gt;CCC-EC7AC7AB947DA4956ABBD46787C75C02&lt;/Value&gt;&lt;/Op&gt;&lt;Op Columnname="UID_QBMLimitedSQL" Type="Value" ValType="String" AlreadyApplied="True"&gt;&lt;OldValue /&gt;&lt;Value&gt;CCC-729C53161551E54699B237EF16898B83&lt;/Value&gt;&lt;/Op&gt;&lt;/Diff&gt;</Value>
            </Column>
            <Column Name="ObjectKey" Display="&lt;Key&gt;&lt;T&gt;QBMGroupHasLimitedSQL&lt;/T&gt;&lt;P&gt;CCC-EC7AC7AB947DA4956ABBD46787C75C02&lt;/P&gt;&lt;P&gt;CCC-729C53161551E54699B237EF16898B83&lt;/P&gt;&lt;/Key&gt;">
               <Value>&lt;Key&gt;&lt;T&gt;QBMGroupHasLimitedSQL&lt;/T&gt;&lt;P&gt;CCC-EC7AC7AB947DA4956ABBD46787C75C02&lt;/P&gt;&lt;P&gt;CCC-729C53161551E54699B237EF16898B83&lt;/P&gt;&lt;/Key&gt;</Value>
            </Column>
            <Column Name="SortOrder" Display="2935796053704706">
               <Value>2935796053704706</Value>
            </Column>
            <Column Name="UID_DialogTag" Display="CCC-AF35591E0913774FA9C1AA266E5F06D0">
               <Key>
                  <Table Name="DialogTag" Display="UNITE" Key="CCC-AF35591E0913774FA9C1AA266E5F06D0">
                     <Prop Name="UID_DialogTag">
                        <Value>CCC-AF35591E0913774FA9C1AA266E5F06D0</Value>
                     </Prop>
                  </Table>
               </Key>
            </Column>
            <Column Name="UID_QBMTaggedChange" Display="CCC-5698E2F80B9F914E80998251CD000E1D">
               <Value>CCC-5698E2F80B9F914E80998251CD000E1D</Value>
            </Column>
            <Column Name="XDateInserted" Display="12/20/2022 3:53:25 PM">
               <Value>2022-12-20T21:53:25.6130000Z</Value>
            </Column>
            <Column Name="XDateUpdated" Display="12/20/2022 3:53:25 PM">
               <Value>2022-12-20T21:53:25.6130000Z</Value>
            </Column>
            <Column Name="XMarkedForDeletion">
               <Value>0</Value>
            </Column>
            <Column Name="XObjectKey" Display="&lt;Key&gt;&lt;T&gt;QBMTaggedChange&lt;/T&gt;&lt;P&gt;CCC-5698E2F80B9F914E80998251CD000E1D&lt;/P&gt;&lt;/Key&gt;">
               <Value>&lt;Key&gt;&lt;T&gt;QBMTaggedChange&lt;/T&gt;&lt;P&gt;CCC-5698E2F80B9F914E80998251CD000E1D&lt;/P&gt;&lt;/Key&gt;</Value>
            </Column>
            <Column Name="XTouched">
               <Value />
            </Column>
            <Column Name="XUserInserted" Display="Paul">
               <Value>Paul</Value>
            </Column>
            <Column Name="XUserUpdated" Display="Paul">
               <Value>Paul</Value>
            </Column>
         </Columns>
      </DbObject>
      <DbObject Display="CCC-AF35591E0913774FA9C1AA266E5F06D0 - &lt;Key&gt;&lt;T&gt;QBMGroupHasLimitedSQL&lt;/T&gt;&lt;P&gt;QER-6AB5A4DB041C43A698E2AB231BD56D30&lt;/P&gt;&lt;P&gt;CCC-729C53161551E54699B237EF16898B83&lt;/P&gt;&lt;/Key&gt;" Version="2">
         <Key>
            <Table Name="QBMTaggedChange" Display="CCC-AF35591E0913774FA9C1AA266E5F06D0 - &lt;Key&gt;&lt;T&gt;QBMGroupHasLimitedSQL&lt;/T&gt;&lt;P&gt;QER-6AB5A4DB041C43A698E2AB231BD56D30&lt;/P&gt;&lt;P&gt;CCC-729C53161551E54699B237EF16898B83&lt;/P&gt;&lt;/Key&gt;" Key="CCC-BE7CFF43BB9A8348B8E73505D7C3B3AD">
               <Prop Name="UID_QBMTaggedChange">
                  <Value>CCC-BE7CFF43BB9A8348B8E73505D7C3B3AD</Value>
               </Prop>
            </Table>
         </Key>
         <Columns>
            <Column Name="ChangeContent" Display="&lt;Diff&gt;&lt;Data State=&quot;PermissionBased&quot; /&gt;&lt;Op Columnname=&quot;UID_DialogGroup&quot; Type=&quot;Value&quot; ValType=&quot;String&quot; AlreadyApplied=&quot;True&quot;&gt;&lt;OldValue /&gt;&lt;Value&gt;QER-6AB5A4DB041C43A698E2AB231BD56D30&lt;/Value&gt;&lt;/Op&gt;&lt;Op Columnname=&quot;UID_QBMLimitedSQL&quot; Type=&quot;Value&quot; ValType=&quot;String&quot; AlreadyApplied=&quot;True&quot;&gt;&lt;OldValue /&gt;&lt;Value&gt;CCC-729C53161551E54699B237EF16898B83&lt;/Value&gt;&lt;/Op&gt;&lt;/Diff&gt;">
               <Value>&lt;Diff&gt;&lt;Data State="PermissionBased" /&gt;&lt;Op Columnname="UID_DialogGroup" Type="Value" ValType="String" AlreadyApplied="True"&gt;&lt;OldValue /&gt;&lt;Value&gt;QER-6AB5A4DB041C43A698E2AB231BD56D30&lt;/Value&gt;&lt;/Op&gt;&lt;Op Columnname="UID_QBMLimitedSQL" Type="Value" ValType="String" AlreadyApplied="True"&gt;&lt;OldValue /&gt;&lt;Value&gt;CCC-729C53161551E54699B237EF16898B83&lt;/Value&gt;&lt;/Op&gt;&lt;/Diff&gt;</Value>
            </Column>
            <Column Name="ObjectKey" Display="&lt;Key&gt;&lt;T&gt;QBMGroupHasLimitedSQL&lt;/T&gt;&lt;P&gt;QER-6AB5A4DB041C43A698E2AB231BD56D30&lt;/P&gt;&lt;P&gt;CCC-729C53161551E54699B237EF16898B83&lt;/P&gt;&lt;/Key&gt;">
               <Value>&lt;Key&gt;&lt;T&gt;QBMGroupHasLimitedSQL&lt;/T&gt;&lt;P&gt;QER-6AB5A4DB041C43A698E2AB231BD56D30&lt;/P&gt;&lt;P&gt;CCC-729C53161551E54699B237EF16898B83&lt;/P&gt;&lt;/Key&gt;</Value>
            </Column>
            <Column Name="SortOrder" Display="2936442448838663">
               <Value>2936442448838663</Value>
            </Column>
            <Column Name="UID_DialogTag" Display="CCC-AF35591E0913774FA9C1AA266E5F06D0">
               <Key>
                  <Table Name="DialogTag" Display="UNITE" Key="CCC-AF35591E0913774FA9C1AA266E5F06D0">
                     <Prop Name="UID_DialogTag">
                        <Value>CCC-AF35591E0913774FA9C1AA266E5F06D0</Value>
                     </Prop>
                  </Table>
               </Key>
            </Column>
            <Column Name="UID_QBMTaggedChange" Display="CCC-BE7CFF43BB9A8348B8E73505D7C3B3AD">
               <Value>CCC-BE7CFF43BB9A8348B8E73505D7C3B3AD</Value>
            </Column>
            <Column Name="XDateInserted" Display="12/21/2022 9:50:44 AM">
               <Value>2022-12-21T15:50:44.9500000Z</Value>
            </Column>
            <Column Name="XDateUpdated" Display="12/21/2022 9:50:44 AM">
               <Value>2022-12-21T15:50:44.9500000Z</Value>
            </Column>
            <Column Name="XMarkedForDeletion">
               <Value>0</Value>
            </Column>
            <Column Name="XObjectKey" Display="&lt;Key&gt;&lt;T&gt;QBMTaggedChange&lt;/T&gt;&lt;P&gt;CCC-BE7CFF43BB9A8348B8E73505D7C3B3AD&lt;/P&gt;&lt;/Key&gt;">
               <Value>&lt;Key&gt;&lt;T&gt;QBMTaggedChange&lt;/T&gt;&lt;P&gt;CCC-BE7CFF43BB9A8348B8E73505D7C3B3AD&lt;/P&gt;&lt;/Key&gt;</Value>
            </Column>
            <Column Name="XTouched">
               <Value />
            </Column>
            <Column Name="XUserInserted" Display="Paul">
               <Value>Paul</Value>
            </Column>
            <Column Name="XUserUpdated" Display="Paul">
               <Value>Paul</Value>
            </Column>
         </Columns>
      </DbObject>
      <DbObject Display="CCC-AF35591E0913774FA9C1AA266E5F06D0 - &lt;Key&gt;&lt;T&gt;QBMGroupHasLimitedSQL&lt;/T&gt;&lt;P&gt;QER-94B8B03F57534F229B080797A105B60C&lt;/P&gt;&lt;P&gt;CCC-729C53161551E54699B237EF16898B83&lt;/P&gt;&lt;/Key&gt;" Version="2">
         <Key>
            <Table Name="QBMTaggedChange" Display="CCC-AF35591E0913774FA9C1AA266E5F06D0 - &lt;Key&gt;&lt;T&gt;QBMGroupHasLimitedSQL&lt;/T&gt;&lt;P&gt;QER-94B8B03F57534F229B080797A105B60C&lt;/P&gt;&lt;P&gt;CCC-729C53161551E54699B237EF16898B83&lt;/P&gt;&lt;/Key&gt;" Key="CCC-B83E9435F170E74EA74FC994F632B730">
               <Prop Name="UID_QBMTaggedChange">
                  <Value>CCC-B83E9435F170E74EA74FC994F632B730</Value>
               </Prop>
            </Table>
         </Key>
         <Columns>
            <Column Name="ChangeContent" Display="&lt;Diff&gt;&lt;Data State=&quot;PermissionBased&quot; /&gt;&lt;Op Columnname=&quot;UID_DialogGroup&quot; Type=&quot;Value&quot; ValType=&quot;String&quot; AlreadyApplied=&quot;True&quot;&gt;&lt;OldValue /&gt;&lt;Value&gt;QER-94B8B03F57534F229B080797A105B60C&lt;/Value&gt;&lt;/Op&gt;&lt;Op Columnname=&quot;UID_QBMLimitedSQL&quot; Type=&quot;Value&quot; ValType=&quot;String&quot; AlreadyApplied=&quot;True&quot;&gt;&lt;OldValue /&gt;&lt;Value&gt;CCC-729C53161551E54699B237EF16898B83&lt;/Value&gt;&lt;/Op&gt;&lt;/Diff&gt;">
               <Value>&lt;Diff&gt;&lt;Data State="PermissionBased" /&gt;&lt;Op Columnname="UID_DialogGroup" Type="Value" ValType="String" AlreadyApplied="True"&gt;&lt;OldValue /&gt;&lt;Value&gt;QER-94B8B03F57534F229B080797A105B60C&lt;/Value&gt;&lt;/Op&gt;&lt;Op Columnname="UID_QBMLimitedSQL" Type="Value" ValType="String" AlreadyApplied="True"&gt;&lt;OldValue /&gt;&lt;Value&gt;CCC-729C53161551E54699B237EF16898B83&lt;/Value&gt;&lt;/Op&gt;&lt;/Diff&gt;</Value>
            </Column>
            <Column Name="ObjectKey" Display="&lt;Key&gt;&lt;T&gt;QBMGroupHasLimitedSQL&lt;/T&gt;&lt;P&gt;QER-94B8B03F57534F229B080797A105B60C&lt;/P&gt;&lt;P&gt;CCC-729C53161551E54699B237EF16898B83&lt;/P&gt;&lt;/Key&gt;">
               <Value>&lt;Key&gt;&lt;T&gt;QBMGroupHasLimitedSQL&lt;/T&gt;&lt;P&gt;QER-94B8B03F57534F229B080797A105B60C&lt;/P&gt;&lt;P&gt;CCC-729C53161551E54699B237EF16898B83&lt;/P&gt;&lt;/Key&gt;</Value>
            </Column>
            <Column Name="SortOrder" Display="2935796053704710">
               <Value>2935796053704710</Value>
            </Column>
            <Column Name="UID_DialogTag" Display="CCC-AF35591E0913774FA9C1AA266E5F06D0">
               <Key>
                  <Table Name="DialogTag" Display="UNITE" Key="CCC-AF35591E0913774FA9C1AA266E5F06D0">
                     <Prop Name="UID_DialogTag">
                        <Value>CCC-AF35591E0913774FA9C1AA266E5F06D0</Value>
                     </Prop>
                  </Table>
               </Key>
            </Column>
            <Column Name="UID_QBMTaggedChange" Display="CCC-B83E9435F170E74EA74FC994F632B730">
               <Value>CCC-B83E9435F170E74EA74FC994F632B730</Value>
            </Column>
            <Column Name="XDateInserted" Display="12/20/2022 3:53:25 PM">
               <Value>2022-12-20T21:53:25.6200000Z</Value>
            </Column>
            <Column Name="XDateUpdated" Display="12/20/2022 3:53:25 PM">
               <Value>2022-12-20T21:53:25.6200000Z</Value>
            </Column>
            <Column Name="XMarkedForDeletion">
               <Value>0</Value>
            </Column>
            <Column Name="XObjectKey" Display="&lt;Key&gt;&lt;T&gt;QBMTaggedChange&lt;/T&gt;&lt;P&gt;CCC-B83E9435F170E74EA74FC994F632B730&lt;/P&gt;&lt;/Key&gt;">
               <Value>&lt;Key&gt;&lt;T&gt;QBMTaggedChange&lt;/T&gt;&lt;P&gt;CCC-B83E9435F170E74EA74FC994F632B730&lt;/P&gt;&lt;/Key&gt;</Value>
            </Column>
            <Column Name="XTouched">
               <Value />
            </Column>
            <Column Name="XUserInserted" Display="Paul">
               <Value>Paul</Value>
            </Column>
            <Column Name="XUserUpdated" Display="Paul">
               <Value>Paul</Value>
            </Column>
         </Columns>
      </DbObject>
      <DbObject Display="CCC-AF35591E0913774FA9C1AA266E5F06D0 - &lt;Key&gt;&lt;T&gt;QBMLimitedSQL&lt;/T&gt;&lt;P&gt;CCC-729C53161551E54699B237EF16898B83&lt;/P&gt;&lt;/Key&gt;" Version="2">
         <Key>
            <Table Name="QBMTaggedChange" Display="CCC-AF35591E0913774FA9C1AA266E5F06D0 - &lt;Key&gt;&lt;T&gt;QBMLimitedSQL&lt;/T&gt;&lt;P&gt;CCC-729C53161551E54699B237EF16898B83&lt;/P&gt;&lt;/Key&gt;" Key="CCC-957A966D94C4D04CA09FC2041D8997EA">
               <Prop Name="UID_QBMTaggedChange">
                  <Value>CCC-957A966D94C4D04CA09FC2041D8997EA</Value>
               </Prop>
            </Table>
         </Key>
         <Columns>
            <Column Name="ChangeContent" Display="&lt;Diff&gt;&lt;Data State=&quot;PermissionBased&quot; /&gt;&lt;Op Columnname=&quot;Ident_QBMLimitedSQL&quot; Type=&quot;Value&quot; ValType=&quot;String&quot; AlreadyApplied=&quot;True&quot;&gt;&lt;OldValue /&gt;&lt;Value&gt;CCC_Get_Reports_With_Business_Roles&lt;/Value&gt;&lt;/Op&gt;&lt;Op Columnname=&quot;SQLContent&quot; Type=&quot;Value&quot; ValType=&quot;String&quot; AlreadyApplied=&quot;True&quot;&gt;&lt;OldValue /&gt;&lt;Value&gt;SELECT ph.CentralAccount, p.FirstName, p.LastName, p.Title, Org.Ident_Org &#xD;&#xA;					FROM  Person p INNER JOIN &#xD;&#xA;						  PersonInOrg ON p.UID_Person = PersonInOrg.UID_Person INNER JOIN &#xD;&#xA;						  Org ON PersonInOrg.UID_Org = Org.UID_Org INNER JOIN &#xD;&#xA;						  Person AS ph ON p.UID_PersonHead = ph.UID_Person &#xD;&#xA;					WHere ph.CentralAccount = '@centralAccount' &#xD;&#xA;					Order By p.LastName&lt;/Value&gt;&lt;/Op&gt;&lt;Op Columnname=&quot;UID_QBMLimitedSQL&quot; Type=&quot;Value&quot; ValType=&quot;String&quot; AlreadyApplied=&quot;True&quot;&gt;&lt;OldValue /&gt;&lt;Value&gt;CCC-729C53161551E54699B237EF16898B83&lt;/Value&gt;&lt;/Op&gt;&lt;/Diff&gt;">
               <Value>&lt;Diff&gt;&lt;Data State="PermissionBased" /&gt;&lt;Op Columnname="Ident_QBMLimitedSQL" Type="Value" ValType="String" AlreadyApplied="True"&gt;&lt;OldValue /&gt;&lt;Value&gt;CCC_Get_Reports_With_Business_Roles&lt;/Value&gt;&lt;/Op&gt;&lt;Op Columnname="SQLContent" Type="Value" ValType="String" AlreadyApplied="True"&gt;&lt;OldValue /&gt;&lt;Value&gt;SELECT ph.CentralAccount, p.FirstName, p.LastName, p.Title, Org.Ident_Org 
					FROM  Person p INNER JOIN 
						  PersonInOrg ON p.UID_Person = PersonInOrg.UID_Person INNER JOIN 
						  Org ON PersonInOrg.UID_Org = Org.UID_Org INNER JOIN 
						  Person AS ph ON p.UID_PersonHead = ph.UID_Person 
					WHere ph.CentralAccount = '@centralAccount' 
					Order By p.LastName&lt;/Value&gt;&lt;/Op&gt;&lt;Op Columnname="UID_QBMLimitedSQL" Type="Value" ValType="String" AlreadyApplied="True"&gt;&lt;OldValue /&gt;&lt;Value&gt;CCC-729C53161551E54699B237EF16898B83&lt;/Value&gt;&lt;/Op&gt;&lt;/Diff&gt;</Value>
            </Column>
            <Column Name="ObjectKey" Display="&lt;Key&gt;&lt;T&gt;QBMLimitedSQL&lt;/T&gt;&lt;P&gt;CCC-729C53161551E54699B237EF16898B83&lt;/P&gt;&lt;/Key&gt;">
               <Value>&lt;Key&gt;&lt;T&gt;QBMLimitedSQL&lt;/T&gt;&lt;P&gt;CCC-729C53161551E54699B237EF16898B83&lt;/P&gt;&lt;/Key&gt;</Value>
            </Column>
            <Column Name="SortOrder" Display="2935647318573056">
               <Value>2935647318573056</Value>
            </Column>
            <Column Name="UID_DialogTag" Display="CCC-AF35591E0913774FA9C1AA266E5F06D0">
               <Key>
                  <Table Name="DialogTag" Display="UNITE" Key="CCC-AF35591E0913774FA9C1AA266E5F06D0">
                     <Prop Name="UID_DialogTag">
                        <Value>CCC-AF35591E0913774FA9C1AA266E5F06D0</Value>
                     </Prop>
                  </Table>
               </Key>
            </Column>
            <Column Name="UID_QBMTaggedChange" Display="CCC-957A966D94C4D04CA09FC2041D8997EA">
               <Value>CCC-957A966D94C4D04CA09FC2041D8997EA</Value>
            </Column>
            <Column Name="XDateInserted" Display="12/20/2022 11:45:31 AM">
               <Value>2022-12-20T17:45:31.8800000Z</Value>
            </Column>
            <Column Name="XDateUpdated" Display="12/20/2022 11:45:31 AM">
               <Value>2022-12-20T17:45:31.8800000Z</Value>
            </Column>
            <Column Name="XMarkedForDeletion">
               <Value>0</Value>
            </Column>
            <Column Name="XObjectKey" Display="&lt;Key&gt;&lt;T&gt;QBMTaggedChange&lt;/T&gt;&lt;P&gt;CCC-957A966D94C4D04CA09FC2041D8997EA&lt;/P&gt;&lt;/Key&gt;">
               <Value>&lt;Key&gt;&lt;T&gt;QBMTaggedChange&lt;/T&gt;&lt;P&gt;CCC-957A966D94C4D04CA09FC2041D8997EA&lt;/P&gt;&lt;/Key&gt;</Value>
            </Column>
            <Column Name="XTouched">
               <Value />
            </Column>
            <Column Name="XUserInserted" Display="Paul">
               <Value>Paul</Value>
            </Column>
            <Column Name="XUserUpdated" Display="Paul">
               <Value>Paul</Value>
            </Column>
         </Columns>
      </DbObject>
      <DbObject Display="CCC-AF35591E0913774FA9C1AA266E5F06D0 - &lt;Key&gt;&lt;T&gt;QBMLimitedSQL&lt;/T&gt;&lt;P&gt;CCC-729C53161551E54699B237EF16898B83&lt;/P&gt;&lt;/Key&gt;" Version="2">
         <Key>
            <Table Name="QBMTaggedChange" Display="CCC-AF35591E0913774FA9C1AA266E5F06D0 - &lt;Key&gt;&lt;T&gt;QBMLimitedSQL&lt;/T&gt;&lt;P&gt;CCC-729C53161551E54699B237EF16898B83&lt;/P&gt;&lt;/Key&gt;" Key="CCC-14E2FC4FCB5BDA40BE0A4E16DED5CF8B">
               <Prop Name="UID_QBMTaggedChange">
                  <Value>CCC-14E2FC4FCB5BDA40BE0A4E16DED5CF8B</Value>
               </Prop>
            </Table>
         </Key>
         <Columns>
            <Column Name="ChangeContent" Display="&lt;Diff&gt;&lt;Data State=&quot;Loaded, PermissionBased&quot; /&gt;&lt;Op Columnname=&quot;SQLContent&quot; Type=&quot;Value&quot; ValType=&quot;String&quot; AlreadyApplied=&quot;True&quot;&gt;&lt;OldValue&gt;SELECT ph.CentralAccount, p.FirstName, p.LastName, p.Title, Org.Ident_Org &#xD;&#xA;					FROM  Person p INNER JOIN &#xD;&#xA;						  PersonInOrg ON p.UID_Person = PersonInOrg.UID_Person INNER JOIN &#xD;&#xA;						  Org ON PersonInOrg.UID_Org = Org.UID_Org INNER JOIN &#xD;&#xA;						  Person AS ph ON p.UID_PersonHead = ph.UID_Person &#xD;&#xA;					WHere ph.CentralAccount = @centralaccount &#xD;&#xA;					Order By p.LastName&lt;/OldValue&gt;&lt;Value&gt;SELECT ph.CentralAccount, p.FirstName, p.LastName, p.Title, Org.Ident_Org &#xD;&#xA;					FROM  Person p INNER JOIN &#xD;&#xA;						  PersonInOrg ON p.UID_Person = PersonInOrg.UID_Person INNER JOIN &#xD;&#xA;						  Org ON PersonInOrg.UID_Org = Org.UID_Org INNER JOIN &#xD;&#xA;						  Person AS ph ON p.UID_PersonHead = ph.UID_Person &#xD;&#xA;					WHere ph.UID_Person = @centralaccount &#xD;&#xA;					Order By p.LastName&lt;/Value&gt;&lt;/Op&gt;&lt;/Diff&gt;">
               <Value>&lt;Diff&gt;&lt;Data State="Loaded, PermissionBased" /&gt;&lt;Op Columnname="SQLContent" Type="Value" ValType="String" AlreadyApplied="True"&gt;&lt;OldValue&gt;SELECT ph.CentralAccount, p.FirstName, p.LastName, p.Title, Org.Ident_Org 
					FROM  Person p INNER JOIN 
						  PersonInOrg ON p.UID_Person = PersonInOrg.UID_Person INNER JOIN 
						  Org ON PersonInOrg.UID_Org = Org.UID_Org INNER JOIN 
						  Person AS ph ON p.UID_PersonHead = ph.UID_Person 
					WHere ph.CentralAccount = @centralaccount 
					Order By p.LastName&lt;/OldValue&gt;&lt;Value&gt;SELECT ph.CentralAccount, p.FirstName, p.LastName, p.Title, Org.Ident_Org 
					FROM  Person p INNER JOIN 
						  PersonInOrg ON p.UID_Person = PersonInOrg.UID_Person INNER JOIN 
						  Org ON PersonInOrg.UID_Org = Org.UID_Org INNER JOIN 
						  Person AS ph ON p.UID_PersonHead = ph.UID_Person 
					WHere ph.UID_Person = @centralaccount 
					Order By p.LastName&lt;/Value&gt;&lt;/Op&gt;&lt;/Diff&gt;</Value>
            </Column>
            <Column Name="ObjectKey" Display="&lt;Key&gt;&lt;T&gt;QBMLimitedSQL&lt;/T&gt;&lt;P&gt;CCC-729C53161551E54699B237EF16898B83&lt;/P&gt;&lt;/Key&gt;">
               <Value>&lt;Key&gt;&lt;T&gt;QBMLimitedSQL&lt;/T&gt;&lt;P&gt;CCC-729C53161551E54699B237EF16898B83&lt;/P&gt;&lt;/Key&gt;</Value>
            </Column>
            <Column Name="SortOrder" Display="2949606938705930">
               <Value>2949606938705930</Value>
            </Column>
            <Column Name="UID_DialogTag" Display="CCC-AF35591E0913774FA9C1AA266E5F06D0">
               <Key>
                  <Table Name="DialogTag" Display="UNITE" Key="CCC-AF35591E0913774FA9C1AA266E5F06D0">
                     <Prop Name="UID_DialogTag">
                        <Value>CCC-AF35591E0913774FA9C1AA266E5F06D0</Value>
                     </Prop>
                  </Table>
               </Key>
            </Column>
            <Column Name="UID_QBMTaggedChange" Display="CCC-14E2FC4FCB5BDA40BE0A4E16DED5CF8B">
               <Value>CCC-14E2FC4FCB5BDA40BE0A4E16DED5CF8B</Value>
            </Column>
            <Column Name="XDateInserted" Display="1/5/2023 3:31:33 PM">
               <Value>2023-01-05T21:31:33.9070000Z</Value>
            </Column>
            <Column Name="XDateUpdated" Display="1/5/2023 3:31:33 PM">
               <Value>2023-01-05T21:31:33.9070000Z</Value>
            </Column>
            <Column Name="XMarkedForDeletion">
               <Value>0</Value>
            </Column>
            <Column Name="XObjectKey" Display="&lt;Key&gt;&lt;T&gt;QBMTaggedChange&lt;/T&gt;&lt;P&gt;CCC-14E2FC4FCB5BDA40BE0A4E16DED5CF8B&lt;/P&gt;&lt;/Key&gt;">
               <Value>&lt;Key&gt;&lt;T&gt;QBMTaggedChange&lt;/T&gt;&lt;P&gt;CCC-14E2FC4FCB5BDA40BE0A4E16DED5CF8B&lt;/P&gt;&lt;/Key&gt;</Value>
            </Column>
            <Column Name="XTouched">
               <Value />
            </Column>
            <Column Name="XUserInserted" Display="Paul">
               <Value>Paul</Value>
            </Column>
            <Column Name="XUserUpdated" Display="Paul">
               <Value>Paul</Value>
            </Column>
         </Columns>
      </DbObject>
      <DbObject Display="CCC-AF35591E0913774FA9C1AA266E5F06D0 - &lt;Key&gt;&lt;T&gt;QBMLimitedSQL&lt;/T&gt;&lt;P&gt;CCC-729C53161551E54699B237EF16898B83&lt;/P&gt;&lt;/Key&gt;" Version="2">
         <Key>
            <Table Name="QBMTaggedChange" Display="CCC-AF35591E0913774FA9C1AA266E5F06D0 - &lt;Key&gt;&lt;T&gt;QBMLimitedSQL&lt;/T&gt;&lt;P&gt;CCC-729C53161551E54699B237EF16898B83&lt;/P&gt;&lt;/Key&gt;" Key="CCC-219D61CD2646DA46B0514ADFB74543E2">
               <Prop Name="UID_QBMTaggedChange">
                  <Value>CCC-219D61CD2646DA46B0514ADFB74543E2</Value>
               </Prop>
            </Table>
         </Key>
         <Columns>
            <Column Name="ChangeContent" Display="&lt;Diff&gt;&lt;Data State=&quot;Loaded, PermissionBased&quot; /&gt;&lt;Op Columnname=&quot;SQLContent&quot; Type=&quot;Value&quot; ValType=&quot;String&quot; AlreadyApplied=&quot;True&quot;&gt;&lt;OldValue&gt;SELECT ph.CentralAccount, p.FirstName, p.LastName, p.Title, Org.Ident_Org &#xD;&#xA;					FROM  Person p INNER JOIN &#xD;&#xA;						  PersonInOrg ON p.UID_Person = PersonInOrg.UID_Person INNER JOIN &#xD;&#xA;						  Org ON PersonInOrg.UID_Org = Org.UID_Org INNER JOIN &#xD;&#xA;						  Person AS ph ON p.UID_PersonHead = ph.UID_Person &#xD;&#xA;					WHere ph.CentralAccount = @centralAccount &#xD;&#xA;					Order By p.LastName&lt;/OldValue&gt;&lt;Value&gt;SELECT ph.CentralAccount, p.FirstName, p.LastName, p.Title, Org.Ident_Org &#xD;&#xA;					FROM  Person p INNER JOIN &#xD;&#xA;						  PersonInOrg ON p.UID_Person = PersonInOrg.UID_Person INNER JOIN &#xD;&#xA;						  Org ON PersonInOrg.UID_Org = Org.UID_Org INNER JOIN &#xD;&#xA;						  Person AS ph ON p.UID_PersonHead = ph.UID_Person &#xD;&#xA;					WHere ph.CentralAccount = @centralaccount &#xD;&#xA;					Order By p.LastName&lt;/Value&gt;&lt;/Op&gt;&lt;/Diff&gt;">
               <Value>&lt;Diff&gt;&lt;Data State="Loaded, PermissionBased" /&gt;&lt;Op Columnname="SQLContent" Type="Value" ValType="String" AlreadyApplied="True"&gt;&lt;OldValue&gt;SELECT ph.CentralAccount, p.FirstName, p.LastName, p.Title, Org.Ident_Org 
					FROM  Person p INNER JOIN 
						  PersonInOrg ON p.UID_Person = PersonInOrg.UID_Person INNER JOIN 
						  Org ON PersonInOrg.UID_Org = Org.UID_Org INNER JOIN 
						  Person AS ph ON p.UID_PersonHead = ph.UID_Person 
					WHere ph.CentralAccount = @centralAccount 
					Order By p.LastName&lt;/OldValue&gt;&lt;Value&gt;SELECT ph.CentralAccount, p.FirstName, p.LastName, p.Title, Org.Ident_Org 
					FROM  Person p INNER JOIN 
						  PersonInOrg ON p.UID_Person = PersonInOrg.UID_Person INNER JOIN 
						  Org ON PersonInOrg.UID_Org = Org.UID_Org INNER JOIN 
						  Person AS ph ON p.UID_PersonHead = ph.UID_Person 
					WHere ph.CentralAccount = @centralaccount 
					Order By p.LastName&lt;/Value&gt;&lt;/Op&gt;&lt;/Diff&gt;</Value>
            </Column>
            <Column Name="ObjectKey" Display="&lt;Key&gt;&lt;T&gt;QBMLimitedSQL&lt;/T&gt;&lt;P&gt;CCC-729C53161551E54699B237EF16898B83&lt;/P&gt;&lt;/Key&gt;">
               <Value>&lt;Key&gt;&lt;T&gt;QBMLimitedSQL&lt;/T&gt;&lt;P&gt;CCC-729C53161551E54699B237EF16898B83&lt;/P&gt;&lt;/Key&gt;</Value>
            </Column>
            <Column Name="SortOrder" Display="2936446168858632">
               <Value>2936446168858632</Value>
            </Column>
            <Column Name="UID_DialogTag" Display="CCC-AF35591E0913774FA9C1AA266E5F06D0">
               <Key>
                  <Table Name="DialogTag" Display="UNITE" Key="CCC-AF35591E0913774FA9C1AA266E5F06D0">
                     <Prop Name="UID_DialogTag">
                        <Value>CCC-AF35591E0913774FA9C1AA266E5F06D0</Value>
                     </Prop>
                  </Table>
               </Key>
            </Column>
            <Column Name="UID_QBMTaggedChange" Display="CCC-219D61CD2646DA46B0514ADFB74543E2">
               <Value>CCC-219D61CD2646DA46B0514ADFB74543E2</Value>
            </Column>
            <Column Name="XDateInserted" Display="12/21/2022 9:56:56 AM">
               <Value>2022-12-21T15:56:56.9070000Z</Value>
            </Column>
            <Column Name="XDateUpdated" Display="12/21/2022 9:56:56 AM">
               <Value>2022-12-21T15:56:56.9070000Z</Value>
            </Column>
            <Column Name="XMarkedForDeletion">
               <Value>0</Value>
            </Column>
            <Column Name="XObjectKey" Display="&lt;Key&gt;&lt;T&gt;QBMTaggedChange&lt;/T&gt;&lt;P&gt;CCC-219D61CD2646DA46B0514ADFB74543E2&lt;/P&gt;&lt;/Key&gt;">
               <Value>&lt;Key&gt;&lt;T&gt;QBMTaggedChange&lt;/T&gt;&lt;P&gt;CCC-219D61CD2646DA46B0514ADFB74543E2&lt;/P&gt;&lt;/Key&gt;</Value>
            </Column>
            <Column Name="XTouched">
               <Value />
            </Column>
            <Column Name="XUserInserted" Display="Paul">
               <Value>Paul</Value>
            </Column>
            <Column Name="XUserUpdated" Display="Paul">
               <Value>Paul</Value>
            </Column>
         </Columns>
      </DbObject>
   </DbObjects>
</Container>